"sample_path","sample_dir","patient_name","time_point","gvhd_status","digestion_protocol","patient_id","sample_name"
"/research/lab_stary/sequencing_projects/hsct/COUNT/S_7631_baseline_transcriptome","S_7631_baseline_transcriptome","763","Baseline","HSCT","old","Patient_1","Patient_1_Baseline"
"/research/lab_stary/sequencing_projects/hsct/COUNT/S_7632_day0_transcriptome","S_7632_day0_transcriptome","763","Tx","HSCT","old","Patient_1","Patient_1_Tx"
"/research/lab_stary/sequencing_projects/hsct/COUNT/S_7633_day14_transcriptome","S_7633_day14_transcriptome","763","D14","HSCT","old","Patient_1","Patient_1_D14"
"/research/lab_stary/sequencing_projects/hsct/COUNT/S_7641_baseline_transcriptome","S_7641_baseline_transcriptome","764","Baseline","HSCT","old","Patient_2","Patient_2_Baseline"
"/research/lab_stary/sequencing_projects/hsct/COUNT/S_7642_day0_transcriptome","S_7642_day0_transcriptome","764","Tx","HSCT","old","Patient_2","Patient_2_Tx"
"/research/lab_stary/sequencing_projects/hsct/COUNT/S_7661_baseline_transcriptome","S_7661_baseline_transcriptome","766","Baseline","HSCT","old","Patient_3","Patient_3_Baseline"
"/research/lab_stary/sequencing_projects/hsct/COUNT/S_7662_day0_transcriptome","S_7662_day0_transcriptome","766","Tx","HSCT","old","Patient_3","Patient_3_Tx"
"/research/lab_stary/sequencing_projects/hsct/COUNT/S_7663_day14_transcriptome","S_7663_day14_transcriptome","766","D14","HSCT","old","Patient_3","Patient_3_D14"
"/research/lab_stary/sequencing_projects/hsct/COUNT/S_7664_day100_transcriptome","S_7664_day100_transcriptome","766","D100","HSCT","old","Patient_3","Patient_3_D100"
"/research/lab_stary/sequencing_projects/hsct/COUNT/S_7681_baseline_transcriptome","S_7681_baseline_transcriptome","768","Baseline","HSCT","old","Patient_4","Patient_4_Baseline"
"/research/lab_stary/sequencing_projects/hsct/COUNT/S_7682_day0_transcriptome","S_7682_day0_transcriptome","768","Tx","HSCT","old","Patient_4","Patient_4_Tx"
"/research/lab_stary/sequencing_projects/hsct/COUNT/S_7683_day14_transcriptome","S_7683_day14_transcriptome","768","D14","HSCT","old","Patient_4","Patient_4_D14"
"/research/lab_stary/sequencing_projects/hsct/COUNT/S_7684_day100_transcriptome","S_7684_day100_transcriptome","768","D100","HSCT","old","Patient_4","Patient_4_D100"
"/research/lab_stary/sequencing_projects/hsct/COUNT/HSCT_7831_transcriptome","HSCT_7831_transcriptome","783","Baseline","HSCT","new","Patient_5","Patient_5_Baseline"
"/research/lab_stary/sequencing_projects/hsct/COUNT/HSCT_7833_transcriptome","HSCT_7833_transcriptome","783","D14","HSCT","new","Patient_5","Patient_5_D14"
"/research/lab_stary/sequencing_projects/hsct/COUNT/HSCT_7834_transcriptome","HSCT_7834_transcriptome","783","D100","HSCT","new","Patient_5","Patient_5_D100"
"/research/lab_stary/sequencing_projects/hsct/COUNT/HSCT_7841_transcriptome","HSCT_7841_transcriptome","784","Baseline","HSCT","new","Patient_6","Patient_6_Baseline"
"/research/lab_stary/sequencing_projects/hsct/COUNT/HSCT_7843_transcriptome","HSCT_7843_transcriptome","784","D14","HSCT","new","Patient_6","Patient_6_D14"
"/research/lab_stary/sequencing_projects/hsct/COUNT/HSCT_7851_transcriptome","HSCT_7851_transcriptome","785","Baseline","HSCT","new","Patient_7","Patient_7_Baseline"
"/research/lab_stary/sequencing_projects/hsct/COUNT/HSCT_7853_transcriptome","HSCT_7853_transcriptome","785","D14","HSCT","new","Patient_7","Patient_7_D14"
"/research/lab_stary/sequencing_projects/hsct/COUNT/HSCT_7854_transcriptome","HSCT_7854_transcriptome","785","D100","HSCT","new","Patient_7","Patient_7_D100"
"/research/lab_stary/sequencing_projects/acute_gvhd/COUNT/CoR_GvD_04_transcriptome","CoR_GvD_04_transcriptome","04","GVHD","aGVHD","new","Patient_8","Patient_8_GVHD"
"/research/lab_stary/sequencing_projects/acute_gvhd/COUNT/CoR_GVD_07_transcriptome","CoR_GVD_07_transcriptome","07","GVHD","aGVHD","new","Patient_9","Patient_9_GVHD"
"/research/lab_stary/sequencing_projects/acute_gvhd/COUNT/CoR_GVD_08_transcriptome","CoR_GVD_08_transcriptome","08","GVHD","aGVHD","new","Patient_10","Patient_10_GVHD"
"/research/lab_stary/sequencing_projects/acute_gvhd/COUNT/CoR_GVD_09_transcriptome","CoR_GVD_09_transcriptome","09","GVHD","aGVHD","new","Patient_11","Patient_11_GVHD"
"/research/lab_stary/sequencing_projects/acute_gvhd/COUNT/CoR_GvD_13_GvD117_transcriptome","CoR_GvD_13_GvD117_transcriptome","117","GVHD","aGVHD","new","Patient_12","Patient_12_GVHD"
"/research/lab_stary/sequencing_projects/acute_gvhd/COUNT/GvD_116_784_transcriptome","GvD_116_784_transcriptome","116","GVHD","aGVHD","new","Patient_6","Patient_6_GVHD"
